<?xml version="1.0" encoding="UTF-8"?><rss version="2.0"
	xmlns:content="http://purl.org/rss/1.0/modules/content/"
	xmlns:dc="http://purl.org/dc/elements/1.1/"
	xmlns:atom="http://www.w3.org/2005/Atom"
	xmlns:sy="http://purl.org/rss/1.0/modules/syndication/"
	
	>
<channel>
	<title>
	Kommentare zu: # 13 Kompetenzschmiede	</title>
	<atom:link href="/13-kompetenzschmiede/feed/" rel="self" type="application/rss+xml" />
	<link>/13-kompetenzschmiede/</link>
	<description></description>
	<lastBuildDate>Mon, 11 Mar 2019 16:14:09 +0000</lastBuildDate>
	<sy:updatePeriod>
	hourly	</sy:updatePeriod>
	<sy:updateFrequency>
	1	</sy:updateFrequency>
	<generator>https://wordpress.org/?v=6.4.2</generator>
</channel>
</rss>
